{"actions":[],"apps":[{"acl":{"app":[],"field":[],"record":[]},"app":null,"category":{"categories":[],"useCategory":"false"},"form":{"layout":"[{\"id\":null,\"type\":\"ROW\",\"isSubTable\":false,\"var\":null,\"label\":null,\"controlList\":[{\"isVirtical\":true,\"styleMap\":{\"width\":199},\"type\":\"SINGLE_LINE_TEXT\",\"var\":\"production_task_id\",\"label\":\"生産タスクコード\"},{\"isVirtical\":true,\"styleMap\":{\"width\":193},\"type\":\"SINGLE_LINE_TEXT\",\"var\":\"product_id\",\"label\":\"品種コード\"},{\"isVirtical\":true,\"styleMap\":{\"width\":466},\"type\":\"SINGLE_LINE_TEXT\",\"var\":\"production_trace_id\",\"label\":\"生産トレースID\"}]},{\"id\":null,\"type\":\"ROW\",\"isSubTable\":false,\"var\":null,\"label\":null,\"controlList\":[{\"isVirtical\":true,\"styleMap\":{\"width\":199},\"type\":\"DECIMAL\",\"var\":\"planned_production_number\",\"label\":\"予定生産数\"},{\"styleMap\":{\"width\":193,\"height\":66},\"elementId\":\"\",\"type\":\"SPACER\"},{\"isVirtical\":true,\"styleMap\":{\"width\":193},\"type\":\"DECIMAL\",\"var\":\"production_number\",\"label\":\"生産数\"}]},{\"id\":null,\"type\":\"ROW\",\"isSubTable\":false,\"var\":null,\"label\":null,\"controlList\":[{\"isVirtical\":true,\"styleMap\":{\"width\":199},\"type\":\"DATETIME\",\"var\":\"production_completion_deadline\",\"label\":\"生産完了期日\"},{\"styleMap\":{\"width\":193,\"height\":66},\"elementId\":\"\",\"type\":\"SPACER\"},{\"isVirtical\":true,\"styleMap\":{\"width\":196},\"type\":\"DATETIME\",\"var\":\"production_start_at\",\"label\":\"生産開始日時\"},{\"isVirtical\":true,\"styleMap\":{\"width\":196},\"type\":\"DATETIME\",\"var\":\"production_end_at\",\"label\":\"生産完了日時\"}]},{\"id\":null,\"type\":\"ROW\",\"isSubTable\":false,\"var\":null,\"label\":null,\"controlList\":[{\"isVirtical\":true,\"styleMap\":{\"width\":392,\"height\":128,\"innerHeight\":91},\"type\":\"MULTIPLE_LINE_TEXT\",\"var\":\"spec_special_note\",\"label\":\"仕様特記\"},{\"isVirtical\":true,\"styleMap\":{\"width\":463,\"height\":128,\"innerHeight\":91},\"type\":\"MULTIPLE_LINE_TEXT\",\"var\":\"work_special_note\",\"label\":\"作業特記\"}]}]","revision":null},"iconMeta":null,"info":{"automaticallyChooseTitleComponent":"true","code":null,"decimalPrecision":"16","decimalScale":"4","description":"\u003Cdiv\u003E\u003Cbr /\u003E\u003C/div\u003E","enableBulkDeletion":"true","enableRecordReuse":"false","fiscalYearStartMonth":"4","iconKey":"APP39","iconType":"PRESET","jsFiles":null,"jsScope":"ALL","name":"生産タスク","roundingMode":"HALF_EVEN","theme":"PLAIN","titleComponentLocalId":null,"useComment":"false","useHistory":"false","useInlineEditAndDelete":"false","useThumbnail":"true"},"jsFiles":[],"notification":{"appNotifications":[{"events":["RECORD_COMMENT_ADDED"],"target":{"entityId":"6447972","entityType":"FIELD_ENTITY","includeSubs":"false"}},{"events":["RECORD_COMMENT_ADDED"],"target":{"entityId":"6447973","entityType":"FIELD_ENTITY","includeSubs":"false"}}],"recordNotifications":[],"reminderTimezone":null,"reminders":[],"useComment":"true","useReminder":"false"},"plugins":[],"reports":[],"resource":{"tables":[{"rows":[{"fields":[],"objectId":"0","subObjectId":"-1"}],"type":"AppName"},{"rows":[{"fields":[],"objectId":"0","subObjectId":"-1"}],"type":"AppDescription"},{"rows":[{"fields":[],"objectId":"6447971","subObjectId":"-1"},{"fields":[],"objectId":"6447972","subObjectId":"-1"},{"fields":[],"objectId":"6447973","subObjectId":"-1"},{"fields":[],"objectId":"6447974","subObjectId":"-1"},{"fields":[],"objectId":"6447975","subObjectId":"-1"},{"fields":[],"objectId":"6447976","subObjectId":"-1"},{"fields":[],"objectId":"6447977","subObjectId":"-1"},{"fields":[],"objectId":"6447978","subObjectId":"-1"},{"fields":[],"objectId":"6447979","subObjectId":"-1"},{"fields":[],"objectId":"6447980","subObjectId":"-1"},{"fields":[],"objectId":"6447981","subObjectId":"-1"},{"fields":[],"objectId":"6447982","subObjectId":"-1"},{"fields":[],"objectId":"6447983","subObjectId":"-1"},{"fields":[],"objectId":"6447984","subObjectId":"-1"},{"fields":[],"objectId":"6447985","subObjectId":"-1"},{"fields":[],"objectId":"6447986","subObjectId":"-1"},{"fields":[],"objectId":"6447987","subObjectId":"-1"},{"fields":[],"objectId":"6447989","subObjectId":"-1"}],"type":"FieldLabel"},{"rows":[{"fields":[],"objectId":"20","subObjectId":"-1"}],"type":"ViewName"},{"rows":[],"type":"CategoryName"}]},"schema":{"groups":[],"revision":null,"subTable":{},"table":{"fieldList":{"6447971":{"id":"6447971","label":"レコード番号","properties":{"noLabel":"false","required":"true"},"type":"RECORD_ID","var":"レコード番号"},"6447972":{"id":"6447972","label":"更新者","properties":{"noLabel":"false","required":"true"},"type":"MODIFIER","var":"更新者"},"6447973":{"id":"6447973","label":"作成者","properties":{"noLabel":"false","required":"true"},"type":"CREATOR","var":"作成者"},"6447974":{"id":"6447974","label":"更新日時","properties":{"noLabel":"false","required":"true"},"type":"MODIFIED_AT","var":"更新日時"},"6447975":{"id":"6447975","label":"作成日時","properties":{"noLabel":"false","required":"true"},"type":"CREATED_AT","var":"作成日時"},"6447976":{"id":"6447976","label":"ステータス","properties":{"noLabel":"false","required":"false"},"type":"STATUS","var":"ステータス"},"6447977":{"id":"6447977","label":"作業者","properties":{"noLabel":"false","required":"false"},"type":"STATUS_ASSIGNEE","var":"作業者"},"6447978":{"id":"6447978","label":"カテゴリー","properties":{"noLabel":"false","required":"false"},"type":"CATEGORY","var":"カテゴリー"},"6447979":{"id":"6447979","label":"生産タスクコード","properties":{"defaultValue":"","expression":"","hideExpression":"false","max":"64","min":null,"noLabel":"false","required":"true","unique":"true"},"type":"SINGLE_LINE_TEXT","var":"production_task_id"},"6447980":{"id":"6447980","label":"品種コード","properties":{"defaultValue":"","expression":"","hideExpression":"false","max":null,"min":null,"noLabel":"false","required":"false","unique":"false"},"type":"SINGLE_LINE_TEXT","var":"product_id"},"6447981":{"id":"6447981","label":"予定生産数","properties":{"defaultValue":null,"digit":"false","displayScale":null,"max":null,"min":null,"noLabel":"false","required":"false","roundingMode":null,"scale":null,"unique":"false","unit":"","unitPosition":"BEFORE"},"type":"DECIMAL","var":"planned_production_number"},"6447982":{"id":"6447982","label":"生産完了期日","properties":{"defaultExpression":null,"defaultValue":null,"noLabel":"false","required":"false","unique":"false"},"type":"DATETIME","var":"production_completion_deadline"},"6447983":{"id":"6447983","label":"生産トレースID","properties":{"defaultValue":"","expression":"","hideExpression":"false","max":null,"min":null,"noLabel":"false","required":"false","unique":"false"},"type":"SINGLE_LINE_TEXT","var":"production_trace_id"},"6447984":{"id":"6447984","label":"生産開始日時","properties":{"defaultExpression":null,"defaultValue":null,"noLabel":"false","required":"false","unique":"false"},"type":"DATETIME","var":"production_start_at"},"6447985":{"id":"6447985","label":"生産完了日時","properties":{"defaultExpression":null,"defaultValue":null,"noLabel":"false","required":"false","unique":"false"},"type":"DATETIME","var":"production_end_at"},"6447986":{"id":"6447986","label":"仕様特記","properties":{"defaultValue":"","noLabel":"false","required":"false"},"type":"MULTIPLE_LINE_TEXT","var":"spec_special_note"},"6447987":{"id":"6447987","label":"作業特記","properties":{"defaultValue":"","noLabel":"false","required":"false"},"type":"MULTIPLE_LINE_TEXT","var":"work_special_note"},"6447989":{"id":"6447989","label":"生産数","properties":{"defaultValue":null,"digit":"false","displayScale":null,"max":null,"min":null,"noLabel":"false","required":"false","roundingMode":null,"scale":null,"unique":"false","unit":"","unitPosition":"BEFORE"},"type":"DECIMAL","var":"production_number"}},"id":"1","label":"__ROOT__","properties":null,"var":"__ROOT__"}},"settingsNotesForm":{"content":null,"willBeInherited":null},"status":{"actions":[],"filters":[],"initialStateId":null,"states":[],"useStatus":"false"},"uuid":"b7af0bc7-2cfd-4a28-bd37-e1a25c9d2a67","views":[{"advancedMode":null,"builtinType":"ALL","device":null,"fields":[{"row":[{"columnWidth":null,"id":"6447971"},{"columnWidth":null,"id":"6447979"},{"columnWidth":null,"id":"6447980"},{"columnWidth":null,"id":"6447981"},{"columnWidth":null,"id":"6447982"},{"columnWidth":null,"id":"6447983"},{"columnWidth":null,"id":"6447984"},{"columnWidth":null,"id":"6447985"},{"columnWidth":null,"id":"6447986"},{"columnWidth":null,"id":"6447987"},{"columnWidth":null,"id":"6447989"}]}],"filter":{"category":null,"offset":null,"order":[],"q":null,"size":null,"sort":[]},"html":null,"keyFieldId":null,"name":"（すべて）","pager":null,"revision":null,"titleFieldId":null,"view":"20","viewType":"LIST"}]},{"acl":{"app":[],"field":[],"record":[]},"app":null,"category":{"categories":[],"useCategory":"false"},"form":{"layout":"[{\"id\":null,\"type\":\"ROW\",\"isSubTable\":false,\"var\":null,\"label\":null,\"controlList\":[{\"isVirtical\":true,\"styleMap\":{\"width\":193},\"type\":\"SINGLE_LINE_TEXT\",\"var\":\"production_id\",\"label\":\"生産ID\"},{\"isVirtical\":true,\"styleMap\":{\"width\":196},\"type\":\"DATETIME\",\"var\":\"p_timestamp\",\"label\":\"タイムスタンプ\"}]},{\"id\":null,\"type\":\"ROW\",\"isSubTable\":false,\"var\":null,\"label\":null,\"controlList\":[{\"isVirtical\":true,\"styleMap\":{\"width\":193},\"type\":\"DECIMAL\",\"var\":\"c_pn\",\"label\":\"現在生産数\"},{\"isVirtical\":true,\"styleMap\":{\"width\":193},\"type\":\"DECIMAL\",\"var\":\"c_psp\",\"label\":\"現在生産速度\"}]}]","revision":null},"iconMeta":null,"info":{"automaticallyChooseTitleComponent":"true","code":null,"decimalPrecision":"16","decimalScale":"4","description":"\u003Cdiv\u003E\u003Cbr /\u003E\u003C/div\u003E","enableBulkDeletion":"true","enableRecordReuse":"false","fiscalYearStartMonth":"4","iconKey":"APP39","iconType":"PRESET","jsFiles":null,"jsScope":"ALL","name":"生産モニタ","roundingMode":"HALF_EVEN","theme":"PLAIN","titleComponentLocalId":null,"useComment":"false","useHistory":"false","useInlineEditAndDelete":"false","useThumbnail":"true"},"jsFiles":[],"notification":{"appNotifications":[{"events":["RECORD_COMMENT_ADDED"],"target":{"entityId":"6447953","entityType":"FIELD_ENTITY","includeSubs":"false"}},{"events":["RECORD_COMMENT_ADDED"],"target":{"entityId":"6447954","entityType":"FIELD_ENTITY","includeSubs":"false"}}],"recordNotifications":[],"reminderTimezone":null,"reminders":[],"useComment":"true","useReminder":"false"},"plugins":[],"reports":[],"resource":{"tables":[{"rows":[{"fields":[],"objectId":"0","subObjectId":"-1"}],"type":"AppName"},{"rows":[{"fields":[],"objectId":"0","subObjectId":"-1"}],"type":"AppDescription"},{"rows":[{"fields":[],"objectId":"6447952","subObjectId":"-1"},{"fields":[],"objectId":"6447953","subObjectId":"-1"},{"fields":[],"objectId":"6447954","subObjectId":"-1"},{"fields":[],"objectId":"6447955","subObjectId":"-1"},{"fields":[],"objectId":"6447956","subObjectId":"-1"},{"fields":[],"objectId":"6447957","subObjectId":"-1"},{"fields":[],"objectId":"6447958","subObjectId":"-1"},{"fields":[],"objectId":"6447959","subObjectId":"-1"},{"fields":[],"objectId":"6447960","subObjectId":"-1"},{"fields":[],"objectId":"6447961","subObjectId":"-1"},{"fields":[],"objectId":"6447962","subObjectId":"-1"},{"fields":[],"objectId":"6447964","subObjectId":"-1"}],"type":"FieldLabel"},{"rows":[{"fields":[],"objectId":"6447968","subObjectId":"-1"},{"fields":[],"objectId":"20","subObjectId":"-1"}],"type":"ViewName"},{"rows":[],"type":"CategoryName"}]},"schema":{"groups":[],"revision":null,"subTable":{},"table":{"fieldList":{"6447952":{"id":"6447952","label":"レコード番号","properties":{"noLabel":"false","required":"true"},"type":"RECORD_ID","var":"レコード番号"},"6447953":{"id":"6447953","label":"更新者","properties":{"noLabel":"false","required":"true"},"type":"MODIFIER","var":"更新者"},"6447954":{"id":"6447954","label":"作成者","properties":{"noLabel":"false","required":"true"},"type":"CREATOR","var":"作成者"},"6447955":{"id":"6447955","label":"更新日時","properties":{"noLabel":"false","required":"true"},"type":"MODIFIED_AT","var":"更新日時"},"6447956":{"id":"6447956","label":"作成日時","properties":{"noLabel":"false","required":"true"},"type":"CREATED_AT","var":"作成日時"},"6447957":{"id":"6447957","label":"ステータス","properties":{"noLabel":"false","required":"false"},"type":"STATUS","var":"ステータス"},"6447958":{"id":"6447958","label":"作業者","properties":{"noLabel":"false","required":"false"},"type":"STATUS_ASSIGNEE","var":"作業者"},"6447959":{"id":"6447959","label":"カテゴリー","properties":{"noLabel":"false","required":"false"},"type":"CATEGORY","var":"カテゴリー"},"6447960":{"id":"6447960","label":"生産ID","properties":{"defaultValue":"","expression":"","hideExpression":"false","max":null,"min":null,"noLabel":"false","required":"false","unique":"false"},"type":"SINGLE_LINE_TEXT","var":"production_id"},"6447961":{"id":"6447961","label":"現在生産数","properties":{"defaultValue":null,"digit":"false","displayScale":null,"max":null,"min":null,"noLabel":"false","required":"false","roundingMode":null,"scale":null,"unique":"false","unit":"","unitPosition":"BEFORE"},"type":"DECIMAL","var":"c_pn"},"6447962":{"id":"6447962","label":"現在生産速度","properties":{"defaultValue":null,"digit":"false","displayScale":null,"max":null,"min":null,"noLabel":"false","required":"false","roundingMode":null,"scale":null,"unique":"false","unit":"","unitPosition":"BEFORE"},"type":"DECIMAL","var":"c_psp"},"6447964":{"id":"6447964","label":"タイムスタンプ","properties":{"defaultExpression":"NOW","defaultValue":null,"noLabel":"false","required":"false","unique":"false"},"type":"DATETIME","var":"p_timestamp"}},"id":"1","label":"__ROOT__","properties":null,"var":"__ROOT__"}},"settingsNotesForm":{"content":null,"willBeInherited":null},"status":{"actions":[],"filters":[],"initialStateId":null,"states":[],"useStatus":"false"},"uuid":"a27dd41d-dab1-4207-bd7d-377f7914c801","views":[{"advancedMode":"false","builtinType":null,"device":null,"fields":[{"row":[{"columnWidth":null,"id":"6447960"},{"columnWidth":null,"id":"6447964"},{"columnWidth":null,"id":"6447961"},{"columnWidth":null,"id":"6447962"}]}],"filter":{"category":null,"offset":null,"order":["DESC"],"q":null,"size":null,"sort":["f6447952"]},"html":null,"keyFieldId":null,"name":"生産ログ一覧","pager":null,"revision":null,"titleFieldId":null,"view":"6447968","viewType":"LIST"},{"advancedMode":null,"builtinType":"ALL","device":null,"fields":[{"row":[{"columnWidth":null,"id":"6447952"},{"columnWidth":null,"id":"6447960"},{"columnWidth":null,"id":"6447961"},{"columnWidth":null,"id":"6447962"},{"columnWidth":null,"id":"6447964"}]}],"filter":{"category":null,"offset":null,"order":[],"q":null,"size":null,"sort":[]},"html":null,"keyFieldId":null,"name":"（すべて）","pager":null,"revision":null,"titleFieldId":null,"view":"20","viewType":"LIST"}]},{"acl":{"app":[],"field":[],"record":[]},"app":null,"category":{"categories":[],"useCategory":"false"},"form":{"layout":"[{\"id\":null,\"type\":\"ROW\",\"isSubTable\":false,\"var\":null,\"label\":null,\"controlList\":[{\"isVirtical\":true,\"styleMap\":{\"width\":667},\"type\":\"SINGLE_LINE_TEXT\",\"var\":\"phenomenon\",\"label\":\"現象\"}]},{\"id\":null,\"type\":\"ROW\",\"isSubTable\":false,\"var\":null,\"label\":null,\"controlList\":[{\"isVirtical\":true,\"styleMap\":{\"width\":196},\"type\":\"DATETIME\",\"var\":\"occure_timestamp\",\"label\":\"発生日時\"},{\"isVirtical\":true,\"styleMap\":{\"width\":134},\"type\":\"DECIMAL\",\"var\":\"machine_error_code\",\"label\":\"コード\"}]},{\"id\":null,\"type\":\"ROW\",\"isSubTable\":false,\"var\":null,\"label\":null,\"controlList\":[{\"isVirtical\":true,\"styleMap\":{\"width\":667,\"height\":265,\"innerHeight\":257},\"type\":\"EDITOR\",\"var\":\"phenomenon_description\",\"label\":\"現象説明\"}]},{\"id\":\"6447908\",\"type\":\"SUBTABLE\",\"isSubTable\":true,\"var\":\"phenomenon_attachments\",\"label\":\"現象添付\",\"controlList\":[{\"isVirtical\":true,\"styleMap\":{\"width\":180},\"type\":\"FILE\",\"var\":\"phenomenon_attachment\",\"label\":\"添付ファイル\"},{\"isVirtical\":true,\"styleMap\":{\"width\":487,\"height\":144,\"innerHeight\":84},\"type\":\"MULTIPLE_LINE_TEXT\",\"var\":\"phenomenon_attchment_description\",\"label\":\"説明\"}]},{\"id\":null,\"type\":\"ROW\",\"isSubTable\":false,\"var\":null,\"label\":null,\"controlList\":[{\"styleMap\":{\"width\":667},\"type\":\"HR\"}]},{\"id\":null,\"type\":\"ROW\",\"isSubTable\":false,\"var\":null,\"label\":null,\"controlList\":[{\"isVirtical\":true,\"styleMap\":{\"width\":667},\"type\":\"SINGLE_LINE_TEXT\",\"var\":\"true_cause\",\"label\":\"真因\"}]},{\"id\":null,\"type\":\"ROW\",\"isSubTable\":false,\"var\":null,\"label\":null,\"controlList\":[{\"isVirtical\":true,\"styleMap\":{\"width\":196},\"type\":\"DATETIME\",\"var\":\"true_cause_decision_timestamp\",\"label\":\"確定日時\"}]},{\"id\":null,\"type\":\"ROW\",\"isSubTable\":false,\"var\":null,\"label\":null,\"controlList\":[{\"isVirtical\":true,\"styleMap\":{\"width\":667,\"height\":336,\"innerHeight\":328},\"type\":\"EDITOR\",\"var\":\"true_cause_description\",\"label\":\"真因説明\"}]},{\"id\":\"6447909\",\"type\":\"SUBTABLE\",\"isSubTable\":true,\"var\":\"true_cause_attachments\",\"label\":\"真因添付\",\"controlList\":[{\"isVirtical\":true,\"styleMap\":{\"width\":180},\"type\":\"FILE\",\"var\":\"true_cause_attachment\",\"label\":\"添付ファイル\"},{\"isVirtical\":true,\"styleMap\":{\"width\":487,\"height\":144,\"innerHeight\":84},\"type\":\"MULTIPLE_LINE_TEXT\",\"var\":\"true_cause_attchment_description\",\"label\":\"説明\"}]}]","revision":null},"iconMeta":null,"info":{"automaticallyChooseTitleComponent":"true","code":null,"decimalPrecision":"16","decimalScale":"4","description":"\u003Cdiv\u003E\u003Cbr /\u003E\u003C/div\u003E","enableBulkDeletion":"true","enableRecordReuse":"false","fiscalYearStartMonth":"4","iconKey":"APP39","iconType":"PRESET","jsFiles":null,"jsScope":"ALL","name":"トラブル収集","roundingMode":"HALF_EVEN","theme":"PLAIN","titleComponentLocalId":null,"useComment":"false","useHistory":"false","useInlineEditAndDelete":"false","useThumbnail":"true"},"jsFiles":[],"notification":{"appNotifications":[{"events":["RECORD_COMMENT_ADDED"],"target":{"entityId":"6447883","entityType":"FIELD_ENTITY","includeSubs":"false"}},{"events":["RECORD_COMMENT_ADDED"],"target":{"entityId":"6447884","entityType":"FIELD_ENTITY","includeSubs":"false"}}],"recordNotifications":[],"reminderTimezone":null,"reminders":[],"useComment":"true","useReminder":"false"},"plugins":[],"reports":[],"resource":{"tables":[{"rows":[{"fields":[],"objectId":"0","subObjectId":"-1"}],"type":"AppName"},{"rows":[{"fields":[],"objectId":"0","subObjectId":"-1"}],"type":"AppDescription"},{"rows":[{"fields":[],"objectId":"6447882","subObjectId":"-1"},{"fields":[],"objectId":"6447883","subObjectId":"-1"},{"fields":[],"objectId":"6447884","subObjectId":"-1"},{"fields":[],"objectId":"6447885","subObjectId":"-1"},{"fields":[],"objectId":"6447886","subObjectId":"-1"},{"fields":[],"objectId":"6447887","subObjectId":"-1"},{"fields":[],"objectId":"6447888","subObjectId":"-1"},{"fields":[],"objectId":"6447889","subObjectId":"-1"},{"fields":[],"objectId":"6447890","subObjectId":"-1"},{"fields":[],"objectId":"6447891","subObjectId":"-1"},{"fields":[],"objectId":"6447892","subObjectId":"-1"},{"fields":[],"objectId":"6447894","subObjectId":"-1"},{"fields":[],"objectId":"6447908","subObjectId":"-1"},{"fields":[],"objectId":"6447904","subObjectId":"-1"},{"fields":[],"objectId":"6447905","subObjectId":"-1"},{"fields":[],"objectId":"6447909","subObjectId":"-1"},{"fields":[],"objectId":"6447906","subObjectId":"-1"},{"fields":[],"objectId":"6447907","subObjectId":"-1"},{"fields":[],"objectId":"6447912","subObjectId":"-1"},{"fields":[],"objectId":"6447913","subObjectId":"-1"},{"fields":[],"objectId":"6447914","subObjectId":"-1"}],"type":"FieldLabel"},{"rows":[{"fields":[],"objectId":"6447915","subObjectId":"-1"},{"fields":[],"objectId":"20","subObjectId":"-1"}],"type":"ViewName"},{"rows":[],"type":"CategoryName"}]},"schema":{"groups":[],"revision":null,"subTable":{"6447908":{"fieldList":{"6447904":{"id":"6447904","label":"添付ファイル","properties":{"noLabel":"false","required":"false","thumbnailSize":"150"},"type":"FILE","var":"phenomenon_attachment"},"6447905":{"id":"6447905","label":"説明","properties":{"defaultValue":"","noLabel":"false","required":"false"},"type":"MULTIPLE_LINE_TEXT","var":"phenomenon_attchment_description"}},"id":"6447908","label":"現象添付","properties":{"noLabel":"true"},"var":"phenomenon_attachments"},"6447909":{"fieldList":{"6447906":{"id":"6447906","label":"添付ファイル","properties":{"noLabel":"false","required":"false","thumbnailSize":"150"},"type":"FILE","var":"true_cause_attachment"},"6447907":{"id":"6447907","label":"説明","properties":{"defaultValue":"","noLabel":"false","required":"false"},"type":"MULTIPLE_LINE_TEXT","var":"true_cause_attchment_description"}},"id":"6447909","label":"真因添付","properties":{"noLabel":"true"},"var":"true_cause_attachments"}},"table":{"fieldList":{"6447882":{"id":"6447882","label":"レコード番号","properties":{"noLabel":"false","required":"true"},"type":"RECORD_ID","var":"レコード番号"},"6447883":{"id":"6447883","label":"更新者","properties":{"noLabel":"false","required":"true"},"type":"MODIFIER","var":"更新者"},"6447884":{"id":"6447884","label":"作成者","properties":{"noLabel":"false","required":"true"},"type":"CREATOR","var":"作成者"},"6447885":{"id":"6447885","label":"更新日時","properties":{"noLabel":"false","required":"true"},"type":"MODIFIED_AT","var":"更新日時"},"6447886":{"id":"6447886","label":"作成日時","properties":{"noLabel":"false","required":"true"},"type":"CREATED_AT","var":"作成日時"},"6447887":{"id":"6447887","label":"ステータス","properties":{"noLabel":"false","required":"false"},"type":"STATUS","var":"ステータス"},"6447888":{"id":"6447888","label":"作業者","properties":{"noLabel":"false","required":"false"},"type":"STATUS_ASSIGNEE","var":"作業者"},"6447889":{"id":"6447889","label":"カテゴリー","properties":{"noLabel":"false","required":"false"},"type":"CATEGORY","var":"カテゴリー"},"6447890":{"id":"6447890","label":"発生日時","properties":{"defaultExpression":"NOW","defaultValue":null,"noLabel":"false","required":"true","unique":"false"},"type":"DATETIME","var":"occure_timestamp"},"6447891":{"id":"6447891","label":"コード","properties":{"defaultValue":"0","digit":"false","displayScale":null,"max":null,"min":null,"noLabel":"false","required":"false","roundingMode":null,"scale":null,"unique":"false","unit":"","unitPosition":"BEFORE"},"type":"DECIMAL","var":"machine_error_code"},"6447892":{"id":"6447892","label":"現象","properties":{"defaultValue":"","expression":"","hideExpression":"false","max":null,"min":null,"noLabel":"false","required":"true","unique":"false"},"type":"SINGLE_LINE_TEXT","var":"phenomenon"},"6447894":{"id":"6447894","label":"真因説明","properties":{"defaultValue":"","noLabel":"true","required":"false"},"type":"EDITOR","var":"true_cause_description"},"6447912":{"id":"6447912","label":"現象説明","properties":{"defaultValue":"","noLabel":"true","required":"false"},"type":"EDITOR","var":"phenomenon_description"},"6447913":{"id":"6447913","label":"確定日時","properties":{"defaultExpression":null,"defaultValue":null,"noLabel":"false","required":"false","unique":"false"},"type":"DATETIME","var":"true_cause_decision_timestamp"},"6447914":{"id":"6447914","label":"真因","properties":{"defaultValue":"","expression":"","hideExpression":"false","max":null,"min":null,"noLabel":"false","required":"false","unique":"false"},"type":"SINGLE_LINE_TEXT","var":"true_cause"}},"id":"1","label":"__ROOT__","properties":null,"var":"__ROOT__"}},"settingsNotesForm":{"content":null,"willBeInherited":null},"status":{"actions":[],"filters":[],"initialStateId":null,"states":[],"useStatus":"false"},"uuid":"34beb757-a4db-48b0-b332-c7c69027c629","views":[{"advancedMode":"false","builtinType":null,"device":null,"fields":[{"row":[{"columnWidth":null,"id":"6447890"},{"columnWidth":null,"id":"6447891"},{"columnWidth":null,"id":"6447892"},{"columnWidth":null,"id":"6447914"}]}],"filter":{"category":null,"offset":null,"order":["DESC"],"q":null,"size":null,"sort":["f6447890"]},"html":null,"keyFieldId":null,"name":"トラブル一覧","pager":null,"revision":null,"titleFieldId":null,"view":"6447915","viewType":"LIST"},{"advancedMode":null,"builtinType":"ALL","device":null,"fields":[{"row":[{"columnWidth":null,"id":"6447882"},{"columnWidth":null,"id":"6447890"},{"columnWidth":null,"id":"6447891"},{"columnWidth":null,"id":"6447892"},{"columnWidth":null,"id":"6447894"},{"columnWidth":null,"id":"6447912"},{"columnWidth":null,"id":"6447913"},{"columnWidth":null,"id":"6447914"}]}],"filter":{"category":null,"offset":null,"order":[],"q":null,"size":null,"sort":[]},"html":null,"keyFieldId":null,"name":"（すべて）","pager":null,"revision":null,"titleFieldId":null,"view":"20","viewType":"LIST"}]}],"description":"","iconKey":"APP39","iconMeta":null,"iconSrcAppId":"b7af0bc7-2cfd-4a28-bd37-e1a25c9d2a67","iconType":"PRESET","imagesMeta":[],"lookups":[],"name":"kintone-rest-api-client-examples-app-template","references":[],"version":"42"}